Track Name;Artist;YouTube Link
"""yes and?""";Ariana Grande;https://www.youtube.com/watch?v=eB6txyhHFG4
Snooze;SZA;https://www.youtube.com/watch?v=LDY_XyxBu8A
Die For You - Remix;The Weeknd;https://www.youtube.com/watch?v=YQ-qToZUybM
Stick Season;Noah Kahan;https://www.youtube.com/watch?v=iWG6apzIWAk
vampire;Olivia Rodrigo;https://www.youtube.com/watch?v=RlPNh_PBZb4
Saturn;SZA;https://www.youtube.com/watch?v=V2G8ESoDXm8
CARNIVAL;¥$;https://www.youtube.com/watch?v=4xZSClBlrfU
Training Season;Dua Lipa;https://www.youtube.com/watch?v=ZjBZ8MUnB0E
positions;Ariana Grande;https://www.youtube.com/watch?v=tcYodQoapMg
greedy;Tate McRae;https://www.youtube.com/watch?v=To4SWGZkEPk
Lovin On Me;Jack Harlow;https://www.youtube.com/watch?v=Iq8h3GEe22o
Here With Me;d4vd;https://www.youtube.com/watch?v=Ip6cw8gfHHI
cardigan;Taylor Swift;https://www.youtube.com/watch?v=K-a8s8OLBSE
Happier Than Ever;Billie Eilish;https://www.youtube.com/watch?v=5GJWxDKyk3A
Kill Bill;SZA;https://www.youtube.com/watch?v=SQnc1QibapQ
traitor;Olivia Rodrigo;https://www.youtube.com/watch?v=CRrf3h9vhp8
My Love Mine All Mine;Mitski;https://www.youtube.com/watch?v=vx4kLgnFexo
Save Your Tears (with Ariana Grande) (Remix);The Weeknd;https://www.youtube.com/watch?v=LIIDh-qI9oI
CUFF IT;Beyoncé;https://www.youtube.com/watch?v=yrtWLyp5gLI
Boy's a liar Pt. 2;PinkPantheress;https://www.youtube.com/watch?v=oftolPu9qp4
Dynamite;BTS;https://www.youtube.com/watch?v=gdZLi9oWNZg
STAY (with Justin Bieber);The Kid LAROI;https://www.youtube.com/watch?v=kTJczUoc26U
Blinding Lights;The Weeknd;https://www.youtube.com/watch?v=4NRXx6U8ABQ
redrum;21 Savage;https://www.youtube.com/watch?v=U4mADkt6o-M
What You Know Bout Love;Pop Smoke;https://www.youtube.com/watch?v=uuodbSVO3z0
Blueberry Faygo;Lil Mosey;https://www.youtube.com/watch?v=V_jHc_n0p9c
Levitating (feat. DaBaby);Dua Lipa;https://www.youtube.com/watch?v=TUVcZfQe-Kw
MONTERO (Call Me By Your Name);Lil Nas X;https://www.youtube.com/watch?v=6swmTBVI83k
drivers license;Olivia Rodrigo;https://www.youtube.com/watch?v=ZmDBbnmKpqQ
"""What Was I Made For? [From The Motion Picture """"Barbie""""]""";Billie Eilish;https://www.youtube.com/watch?v=cW8VLC9nnTo
Woman;Doja Cat;https://www.youtube.com/watch?v=yxW5yuzVi8w
Unholy (feat. Kim Petras);Sam Smith;https://www.youtube.com/watch?v=Uq9gPaIzbe8
WAP (feat. Megan Thee Stallion);Cardi B;https://www.youtube.com/watch?v=hsm4poTWjMs
DÁKITI;Bad Bunny;https://www.youtube.com/watch?v=TmKh7lAwnBI
Seven (feat. Latto);Jung Kook;https://www.youtube.com/watch?v=QU9c0053UAU
Anti-Hero;Taylor Swift;https://www.youtube.com/watch?v=b1kbLwvqugk
death bed (coffee for your head);Powfu;https://www.youtube.com/watch?v=jJPMnTXl63E
Good Days;SZA;https://www.youtube.com/watch?v=0BdlKkvjEgA
Heartbreak Anniversary;Giveon;https://www.youtube.com/watch?v=uWRlisQu4fo
Heat Waves;Glass Animals;https://www.youtube.com/watch?v=mRD0-GxqHVo
Glimpse of Us;Joji;https://www.youtube.com/watch?v=NgsWGfUlwJI
Bad Habit;Steve Lacy;https://www.youtube.com/watch?v=VF-FGf_ZZiI
Mood (feat. iann dior);24kGoldn;https://www.youtube.com/watch?v=GrAchTdepsU
august;Taylor Swift;https://www.youtube.com/watch?v=nn_0zPAfyo8
Feather;Sabrina Carpenter;https://www.youtube.com/watch?v=kLbn61Z4LDI
Water;Tyla;https://www.youtube.com/watch?v=XoiOOiuH8iI
34+35;Ariana Grande;https://www.youtube.com/watch?v=B6_iQvaIjXw
Peaches (feat. Daniel Caesar & Giveon);Justin Bieber;https://www.youtube.com/watch?v=tQ0yjYUFKAE
First Class;Jack Harlow;https://www.youtube.com/watch?v=yQBImEeXNZ4
Rich Flex;Drake;https://www.youtube.com/watch?v=I4DjHHVHWAE
FTCU;Nicki Minaj;https://www.youtube.com/watch?v=zE53Otfrr0k
Love On;Selena Gomez;https://www.youtube.com/watch?v=mNHNktxbjdk
Toosie Slide;Drake;https://www.youtube.com/watch?v=xWggTb45brM
Rain On Me (with Ariana Grande);Lady Gaga;https://www.youtube.com/watch?v=AoAm4om0wTs
Yummy;Justin Bieber;https://www.youtube.com/watch?v=8EJ3zbKTWQ8
Holy (feat. Chance The Rapper);Justin Bieber;https://www.youtube.com/watch?v=pvPsJFRGleA
Prisoner (feat. Dua Lipa);Miley Cyrus;https://www.youtube.com/watch?v=0ir1qkPXPVM
Physical;Dua Lipa;https://www.youtube.com/watch?v=9HDEHj2yzew
POPSTAR (feat. Drake);DJ Khaled;https://www.youtube.com/watch?v=3CxtK7-XtE0
Fair Trade (with Travis Scott);Drake;https://www.youtube.com/watch?v=THVbtGqEO1o
Butter;BTS;https://www.youtube.com/watch?v=WMweEpGlu_U
Kiss Me More (feat. SZA);Doja Cat;https://www.youtube.com/watch?v=0EVVKs6DQLo
INDUSTRY BABY (feat. Jack Harlow);Lil Nas X;https://www.youtube.com/watch?v=UTHLKHL_whs
Need to Know;Doja Cat;https://www.youtube.com/watch?v=dI3xkL7qUAc
Bad Habits;Ed Sheeran;https://www.youtube.com/watch?v=orJSJGHjBLI
pov;Ariana Grande;https://www.youtube.com/watch?v=nQJEp-k-ogs
willow;Taylor Swift;https://www.youtube.com/watch?v=RsEZmictANA
You Right;Doja Cat;https://www.youtube.com/watch?v=JXgV1rXUoME
THATS WHAT I WANT;Lil Nas X;https://www.youtube.com/watch?v=QDYDRA5JPLE
Is There Someone Else?;The Weeknd;https://www.youtube.com/watch?v=i4ZuseKFBF0
Late Night Talking;Harry Styles;https://www.youtube.com/watch?v=4VaqA-5aQTM
Left and Right (Feat. Jung Kook of BTS);Charlie Puth;https://www.youtube.com/watch?v=a7GITgqwDVg
Lavender Haze;Taylor Swift;https://www.youtube.com/watch?v=h8DLofLM7No
Ghost;Justin Bieber;https://www.youtube.com/watch?v=qguo-j5PxBE
Out of Time;The Weeknd;https://www.youtube.com/watch?v=2fDzCWNS3ig
Bam Bam (feat. Ed Sheeran);Camila Cabello;https://www.youtube.com/watch?v=-8VfKZCOo_I
Ella Baila Sola;Eslabon Armado;https://www.youtube.com/watch?v=lZiaYpD9ZrI
Paint The Town Red;Doja Cat;https://www.youtube.com/watch?v=m4_9TFeMfJE
Calm Down (with Selena Gomez);Rema;https://www.youtube.com/watch?v=WcIcVapfqXw
Daylight;David Kushner;https://www.youtube.com/watch?v=MoN9ql6Yymw
Karma;Taylor Swift;https://www.youtube.com/watch?v=rg18Kf4en2o
Popular (with Playboi Carti & Madonna) - From The Idol Vol. 1 (Music from the HBO Original Series);The Weeknd;https://www.youtube.com/watch?v=K6WCcBP4lSs
bad idea right?;Olivia Rodrigo;https://www.youtube.com/watch?v=Dj9qJsJTsjQ
love nwantiti (ah ah ah);CKay;https://www.youtube.com/watch?v=D-YDEyuDxWU
Beggin';Måneskin;https://www.youtube.com/watch?v=W2MpGCL8-9o
All Too Well (10 Minute Version) (Taylor's Version) (From The Vault);Taylor Swift;https://www.youtube.com/watch?v=sRxrwjOtIag
happier;Olivia Rodrigo;https://www.youtube.com/watch?v=ZQFmRXgeR-s
telepatía;Kali Uchis;https://www.youtube.com/watch?v=Dwzk-XZxZ4k
Astronaut In The Ocean;Masked Wolf;https://www.youtube.com/watch?v=MEg-oqI9qmw
Hurricane;Kanye West;https://www.youtube.com/watch?v=LZ2kSbSrDLs
Hold On;Justin Bieber;https://www.youtube.com/watch?v=8ofCZObsnOo
My Universe;Coldplay;https://www.youtube.com/watch?v=bZYPI4mYwhw
Todo De Ti;Rauw Alejandro;https://www.youtube.com/watch?v=CFPLIaMpGrY
I WANNA BE YOUR SLAVE;Måneskin;https://www.youtube.com/watch?v=yOb9Xaug35M
Up;Cardi B;https://www.youtube.com/watch?v=AtVPsPct4KM
Baila Conmigo (with Rauw Alejandro);Selena Gomez;https://www.youtube.com/watch?v=h5WN3pkxPF0
Yonaguni;Bad Bunny;https://www.youtube.com/watch?v=doLMt10ytHY
Body;Megan Thee Stallion;https://www.youtube.com/watch?v=gYPX5juKBvg
Arcade (feat. FLETCHER);Duncan Laurence;https://www.youtube.com/watch?v=51u5fnyrGj4
Build a Bitch;Bella Poarch;https://www.youtube.com/watch?v=FLGCGc7sAUw
Beautiful Mistakes (feat. Megan Thee Stallion);Maroon 5;https://www.youtube.com/watch?v=BSzSn-PRdtI
Solar Power;Lorde;https://www.youtube.com/watch?v=wvsP_lzh2-8
We're Good;Dua Lipa;https://www.youtube.com/watch?v=jr47YisIsz8
WITHOUT YOU (with Miley Cyrus);The Kid LAROI;https://www.youtube.com/watch?v=LvB4GUTWDcI
Love Story (Taylor’s Version);Taylor Swift;https://www.youtube.com/watch?v=aXzVF3XeS8M
late at night;Roddy Ricch;https://www.youtube.com/watch?v=sJDRfZJFAk0
Calling My Phone;Lil Tjay;https://www.youtube.com/watch?v=zzd4ydafGR0
RAPSTAR;Polo G;https://www.youtube.com/watch?v=05tpymEcmRU
Girls Want Girls (with Lil Baby);Drake;https://www.youtube.com/watch?v=b8M6N0FTpNc
Whoopty;CJ;https://www.youtube.com/watch?v=2xWkATdMQms
LA NOCHE DE ANOCHE;Bad Bunny;https://www.youtube.com/watch?v=f5omY8jVrSM
Anyone;Justin Bieber;https://www.youtube.com/watch?v=KIK3azN4w34
Meet Me At Our Spot;THE ANXIETY;https://www.youtube.com/watch?v=2dTMIH5gCHg
Afterglow;Ed Sheeran;https://www.youtube.com/watch?v=8HxbqAsppwU
BICHOTA;KAROL G;https://www.youtube.com/watch?v=QaXhVryxVBk
Bandido;Myke Towers;https://www.youtube.com/watch?v=7dGysPC_q9k
test drive;Ariana Grande;https://www.youtube.com/watch?v=1zNYZd94ui8
Lemonade;Internet Money;https://www.youtube.com/watch?v=0opZqh_TprM
Watermelon Sugar;Harry Styles;https://www.youtube.com/watch?v=E07s5ZYygMg
Lost Cause;Billie Eilish;https://www.youtube.com/watch?v=S2dRcipMCpw
Selfish Love (with Selena Gomez);DJ Snake;https://www.youtube.com/watch?v=gQG_2O9Bu6c
Head & Heart (feat. MNEK);Joel Corry;https://www.youtube.com/watch?v=CRuOOxF-ENQ
Save Your Tears;The Weeknd;https://www.youtube.com/watch?v=XXYlFuWEuKI
Best Friend (feat. Doja Cat);Saweetie;https://www.youtube.com/watch?v=_xJUCsyMQes
What’s Next;Drake;https://www.youtube.com/watch?v=7EUVJaKJtBY
On The Ground;ROSÉ;https://www.youtube.com/watch?v=CKZvWhCqx1s
As I Am (feat. Khalid);Justin Bieber;https://www.youtube.com/watch?v=33Uh-uNb5Oc
Met Him Last Night (feat. Ariana Grande);Demi Lovato;https://www.youtube.com/watch?v=aY7os8Qms6w
m y . l i f e (with 21 Savage & Morray);J. Cole;https://www.youtube.com/watch?v=wLQ8u3xRZd8
Permission to Dance;BTS;https://www.youtube.com/watch?v=CuklIb9d3fI
t r a n s p a r e n t s o u l feat. Travis Barker;WILLOW;https://www.youtube.com/watch?v=6M0IO4fyRoc
Motley Crew;Post Malone;https://www.youtube.com/watch?v=lCiV4wACZ8w
Pepas;Farruko;https://www.youtube.com/watch?v=y8trd3gjJt0
Rumors (feat. Cardi B);Lizzo;https://www.youtube.com/watch?v=4P9XUrniiK4
Skate;Bruno Mars;https://www.youtube.com/watch?v=CEw-7cMnBDY
Cold Heart - PNAU Remix;Elton John;https://www.youtube.com/watch?v=qod03PVTLqk
Leave Before You Love Me (with Jonas Brothers);Marshmello;https://www.youtube.com/watch?v=hmUyEDG7Jy0
Girl From Rio;Anitta;https://www.youtube.com/watch?v=CuyTC8FLICY
Summer of Love (Shawn Mendes & Tainy);Shawn Mendes;https://www.youtube.com/watch?v=v9lZ2MEx8oU
Life Goes On;Oliver Tree;https://www.youtube.com/watch?v=-5q5mZbe3V8
Dick (feat. Doja Cat);StarBoi3;https://www.youtube.com/watch?v=LreWyF5Q0Aw
Praise God;Kanye West;https://www.youtube.com/watch?v=9sJZOGxRxwM
Running Up That Hill (A Deal With God) - 2018 Remaster;Kate Bush;https://www.youtube.com/watch?v=HYwNM1t9ltI
Envolver;Anitta;https://www.youtube.com/watch?v=hFCjGiawJi4
DESPECHÁ;ROSALÍA;https://www.youtube.com/watch?v=5g2hT4GmAGU
Me Porto Bonito;Bad Bunny;https://www.youtube.com/watch?v=saGYMhApaH8
Massive;Drake;https://www.youtube.com/watch?v=ay1l_u6vltY
Super Freaky Girl;Nicki Minaj;https://www.youtube.com/watch?v=j5uAR9w7LBg
Boyfriend;Dove Cameron;https://www.youtube.com/watch?v=4GuqB1BQVr4
Pink Venom;BLACKPINK;https://www.youtube.com/watch?v=gQlMMD8auMs
Shirt;SZA;https://www.youtube.com/watch?v=hdFDrjfW548
I Ain't Worried;OneRepublic;https://www.youtube.com/watch?v=mNEUkkoUoIA
La Bachata;Manuel Turizo;https://www.youtube.com/watch?v=TiM_TFpT_DE
PROVENZA;KAROL G;https://www.youtube.com/watch?v=ca48oMV59LU
MIDDLE OF THE NIGHT;Elley Duhé;https://www.youtube.com/watch?v=oSHzUD-uqKY
Enemy (with JID) - from the series Arcane League of Legends;Imagine Dragons;https://www.youtube.com/watch?v=D9G1VOjN_84
Jimmy Cooks (feat. 21 Savage);Drake;https://www.youtube.com/watch?v=V7UgPHjN9qE
I Like You (A Happier Song) (with Doja Cat);Post Malone;https://www.youtube.com/watch?v=7aekxC_monc
Oh My God;Adele;https://www.youtube.com/watch?v=om3n2ni8luE
We Don't Talk About Bruno;Carolina Gaitán - La Gaita;https://www.youtube.com/watch?v=bvWRMAU6V-c
Una Noche en Medellín;Cris Mj;https://www.youtube.com/watch?v=EaIh7tRqdqM
All For Us;Labrinth;https://www.youtube.com/watch?v=k-9DOwrLdkg
Where Are You Now;Lost Frequencies;https://www.youtube.com/watch?v=PoP2Sa7wYNQ
STAR WALKIN' (League of Legends Worlds Anthem);Lil Nas X;https://www.youtube.com/watch?v=HYsz1hP0BFo
Infinity;Jaymes Young;https://www.youtube.com/watch?v=PWqEPKduGm8
MAMIII;Becky G;https://www.youtube.com/watch?v=flL8ZMqIWGA
Sacrifice;The Weeknd;https://www.youtube.com/watch?v=NrLkTZrPZA4
Sweetest Pie;Megan Thee Stallion;https://www.youtube.com/watch?v=K7JrX7PHGBE
Ojitos Lindos;Bad Bunny;https://www.youtube.com/watch?v=wAjHQXrIj9o
Lift Me Up - From Black Panther: Wakanda Forever - Music From and Inspired By;Rihanna;https://www.youtube.com/watch?v=Mx_OexsUI2M
Snow On The Beach (feat. Lana Del Rey);Taylor Swift;https://www.youtube.com/watch?v=2CnUYMmEHrs
One Right Now (with The Weeknd);Post Malone;https://www.youtube.com/watch?v=Tc0tLGWIqxA
BREAK MY SOUL;Beyoncé;https://www.youtube.com/watch?v=yjki-9Pthh0
Te Felicito;Shakira;https://www.youtube.com/watch?v=4I25nV9hXGA
Shut Down;BLACKPINK;https://www.youtube.com/watch?v=POe9SOEKotk
Save Your Tears (Remix) (with Ariana Grande) - Bonus Track;The Weeknd;https://www.youtube.com/watch?v=LIIDh-qI9oI
29;Demi Lovato;https://www.youtube.com/watch?v=nmpBEoiuUBw
When You're Gone;Shawn Mendes;https://www.youtube.com/watch?v=0G3_kG5FFfQ
The Joker And The Queen (feat. Taylor Swift);Ed Sheeran;https://www.youtube.com/watch?v=2qzcHLyv3N0
I’m Tired (with Zendaya) - Bonus Track;Labrinth;https://www.youtube.com/watch?v=ZFe55-p7XJc
Notion;The Rare Occasions;https://www.youtube.com/watch?v=uXzRDsbep_M
Light Switch;Charlie Puth;https://www.youtube.com/watch?v=WFsAon_TWPQ
Nail Tech;Jack Harlow;https://www.youtube.com/watch?v=e2AeKIzfQus
N95;Kendrick Lamar;https://www.youtube.com/watch?v=zI383uEwA6Q
WAIT FOR U (feat. Drake & Tems);Future;https://www.youtube.com/watch?v=Y2QpQP8wPG8
Honest (feat. Don Toliver);Justin Bieber;https://www.youtube.com/watch?v=n1khwOk5dN8
Fingers Crossed;Lauren Spencer Smith;https://www.youtube.com/watch?v=mzwg5Ldkt5Q
TV;Billie Eilish;https://www.youtube.com/watch?v=_JGGLJMpVks
she's all i wanna be;Tate McRae;https://www.youtube.com/watch?v=uS_y_65CcpA
Evergreen (You Didn’t Deserve Me At All);Omar Apollo;https://www.youtube.com/watch?v=ixTkLjTBQyk
Yet To Come;BTS;https://www.youtube.com/watch?v=kXpOEzNZ8hQ
Vegas (From the Original Motion Picture Soundtrack ELVIS);Doja Cat;https://www.youtube.com/watch?v=QZp2biJul1c
Desesperados;Rauw Alejandro;https://www.youtube.com/watch?v=K9mTSekTktw
The Heart Part 5;Kendrick Lamar;https://www.youtube.com/watch?v=uAPUkgeiFVY
ALIEN SUPERSTAR;Beyoncé;https://www.youtube.com/watch?v=e_aT9pAGQo8
It'll Be Okay;Shawn Mendes;https://www.youtube.com/watch?v=KrgJp7Z1Hv8
SKIN OF MY TEETH;Demi Lovato;https://www.youtube.com/watch?v=kQCKIMfG5EI
SUMMER RENAISSANCE;Beyoncé;https://www.youtube.com/watch?v=QDXcMqgO7oQ
I'm Good (Blue);David Guetta;https://www.youtube.com/watch?v=90RLzVUuXe4
Hold Me Closer;Elton John;https://www.youtube.com/watch?v=qExVlz3zb0k
SNAP;Rosa Linn;https://www.youtube.com/watch?v=Lo4_K4relMg
Until I Found You;Stephen Sanchez;https://www.youtube.com/watch?v=GxldQ9eX2wo
Made You Look;Meghan Trainor;https://www.youtube.com/watch?v=gPCCYMeXin0
Midnight Rain;Taylor Swift;https://www.youtube.com/watch?v=Odh9ddPUkEY
Big Energy;Latto;https://www.youtube.com/watch?v=T8GpG8C0YzA
Doja;Central Cee;https://www.youtube.com/watch?v=m4_9TFeMfJE
pushin P (feat. Young Thug);Gunna;https://www.youtube.com/watch?v=-705T4FioZE
Thousand Miles;The Kid LAROI;https://www.youtube.com/watch?v=z04o40nPQMU
Cruel Summer;Taylor Swift;https://www.youtube.com/watch?v=ic8j13piAhQ
TQG;KAROL G;https://www.youtube.com/watch?v=jZGpkLElSu8
MONACO;Bad Bunny;https://www.youtube.com/watch?v=_PJvpq8uOZM
I KNOW ?;Travis Scott;https://www.youtube.com/watch?v=X7aF3nZOS98
Escapism.;RAYE;https://www.youtube.com/watch?v=Dll6VJ2C7wo
Last Night;Morgan Wallen;https://www.youtube.com/watch?v=AxFhwtwiw6o
Dance The Night - From Barbie The Album;Dua Lipa;https://www.youtube.com/watch?v=OiC1rgCPmUQ
Cupid - Twin Ver.;FIFTY FIFTY;https://www.youtube.com/watch?v=5Ejp7yFZxPM
Chemical;Post Malone;https://www.youtube.com/watch?v=IzPQ_jA00bk
I Remember Everything (feat. Kacey Musgraves);Zach Bryan;https://www.youtube.com/watch?v=ZVVvJjwzl6c
Is It Over Now? (Taylor's Version) (From The Vault);Taylor Swift;https://www.youtube.com/watch?v=tNxUxm3-658
Until I Found You (with Em Beihold) - Em Beihold Version;Stephen Sanchez;https://www.youtube.com/watch?v=kPlSyYtE63M
On My Mama;Victoria Monét;https://www.youtube.com/watch?v=KdJ-Qwu3y4Y
Barbie World (with Aqua) [From Barbie The Album];Nicki Minaj;https://www.youtube.com/watch?v=CUj2AWEJnwQ
La Bebe - Remix;Yng Lvcas;https://www.youtube.com/watch?v=3mchJ-EW9rM
K-POP;Travis Scott;https://www.youtube.com/watch?v=_kS7F4VpJa0
Houdini;Dua Lipa;https://www.youtube.com/watch?v=suAR1PYFNYA
Moonlight;Kali Uchis;https://www.youtube.com/watch?v=8F7Q-4PZCjA
get him back!;Olivia Rodrigo;https://www.youtube.com/watch?v=ZsJ-BHohXRI
Super Shy;NewJeans;https://www.youtube.com/watch?v=ArmDp-zijuc
Nonsense;Sabrina Carpenter;https://www.youtube.com/watch?v=YcSP1ZUf1eQ
Romantic Homicide;d4vd;https://www.youtube.com/watch?v=eKL3TceSxvk
I Wanna Be Yours;Arctic Monkeys;https://www.youtube.com/watch?v=nyuo9-OjNNg
TELEKINESIS (feat. SZA & Future);Travis Scott;https://www.youtube.com/watch?v=xl5LunV-OkU
Say Yes To Heaven;Lana Del Rey;https://www.youtube.com/watch?v=MiAoetOXKcY
Nobody Gets Me;SZA;https://www.youtube.com/watch?v=NNd_ufPG3x4
All Of The Girls You Loved Before;Taylor Swift;https://www.youtube.com/watch?v=HO-31CVnLes
Forget Me;Lewis Capaldi;https://www.youtube.com/watch?v=nBZlrbrBO1I
Single Soon;Selena Gomez;https://www.youtube.com/watch?v=yOuqn4w1ozA
Strangers;Kenya Grace;https://www.youtube.com/watch?v=S2TaAcwC_zI
Standing Next to You;Jung Kook;https://www.youtube.com/watch?v=UNo0TG9LwwI
Ditto;NewJeans;https://www.youtube.com/watch?v=Km71Rr9K-Bw
Used To Be Young;Miley Cyrus;https://www.youtube.com/watch?v=IZ3XMOdOdKM
Eyes Closed;Ed Sheeran;https://www.youtube.com/watch?v=u6wOyMUs74I
Can’t Catch Me Now - from The Hunger Games: The Ballad of Songbirds & Snakes;Olivia Rodrigo;https://www.youtube.com/watch?v=GlM6lcFbLSg
un x100to;Grupo Frontera;https://www.youtube.com/watch?v=3inw26U-os4
LALA;Myke Towers;https://www.youtube.com/watch?v=BVdngsy95mY
(It Goes Like) Nanana - Edit;Peggy Gou;https://www.youtube.com/watch?v=sCz5y84dwuA
Rush;Troye Sivan;https://www.youtube.com/watch?v=b53QJYP-lqY
BESO;ROSALÍA;https://www.youtube.com/watch?v=QXQQAsIhHMw
Sprinter;Dave;https://www.youtube.com/watch?v=pSY3i5XHHXo
All My Life (feat. J. Cole);Lil Durk;https://www.youtube.com/watch?v=Z4N8lzKNfy4
Double Fantasy (with Future);The Weeknd;https://www.youtube.com/watch?v=dMoFcvfd5t4
Search & Rescue;Drake;https://www.youtube.com/watch?v=ntp9_iznQ-0
LET GO;Central Cee;https://www.youtube.com/watch?v=BqucGvLxrEk
Tattoo;Loreen;https://www.youtube.com/watch?v=_IqI2bf9CCQ
Never Felt So Alone;Labrinth;https://www.youtube.com/watch?v=pqCVMRcj_bc
Heaven;Niall Horan;https://www.youtube.com/watch?v=s6TtwR2Dbjg
Acróstico - Milan y Sasha;Shakira;https://www.youtube.com/watch?v=PWmJhh_qTSY
Yandel 150;Yandel;https://www.youtube.com/watch?v=WHejvUhX6rk
La Jumpa;Arcángel;https://www.youtube.com/watch?v=ubbE6gyBf8k
Columbia;Quevedo;https://www.youtube.com/watch?v=QlZNGcVfeF0
Players;Coi Leray;https://www.youtube.com/watch?v=8gH6AEBwEAw
Baby Don't Hurt Me;David Guetta;https://www.youtube.com/watch?v=k3DBmAlUh1A
Mona Lisa (Spider-Man: Across the Spider-Verse);Dominic Fike;https://www.youtube.com/watch?v=XiqN3pOIVIw
Fast Car;Luke Combs;https://www.youtube.com/watch?v=Fr7oYjnt3bM
3D (feat. Jack Harlow);Jung Kook;https://www.youtube.com/watch?v=mHNCM-YALSA
Slime You Out (feat. SZA);Drake;https://www.youtube.com/watch?v=2_gLD1jarfU
Agora Hills;Doja Cat;https://www.youtube.com/watch?v=0c66ksfigtU
What It Is (Solo Version);Doechii;https://www.youtube.com/watch?v=khMkNSf2Jwg
exes;Tate McRae;https://www.youtube.com/watch?v=YXt0Nw8xWh0
QLONA;KAROL G;https://www.youtube.com/watch?v=BeUOBoSPWvA
LOVE AGAIN;The Kid LAROI;https://www.youtube.com/watch?v=BC19kwABFwc
Attention;Doja Cat;https://www.youtube.com/watch?v=nfs8NYg7yQM
The Hills;The Weeknd;https://www.youtube.com/watch?v=yzTuBuRdAyA
24K Magic;Bruno Mars;https://www.youtube.com/watch?v=UqyT8IEBkvY
Dangerous Woman;Ariana Grande;https://www.youtube.com/watch?v=9WbCfHutDSE
Can't Feel My Face;The Weeknd;https://www.youtube.com/watch?v=KEI4qSrkPAs
Pink + White;Frank Ocean;https://www.youtube.com/watch?v=uzS3WG6__G4
Starboy;The Weeknd;https://www.youtube.com/watch?v=34Na4j8AVgA
Into You;Ariana Grande;https://www.youtube.com/watch?v=1ekZEVeXwek
Style (Taylor's Version);Taylor Swift;https://www.youtube.com/watch?v=2JgvVfOfoWI
What Do You Mean?;Justin Bieber;https://www.youtube.com/watch?v=DK_0jXPuIr0
Locked out of Heaven;Bruno Mars;https://www.youtube.com/watch?v=e-fA-gBCkj0
Counting Stars;OneRepublic;https://www.youtube.com/watch?v=hT_nvWreIhg
One Last Time;Ariana Grande;https://www.youtube.com/watch?v=BPgEgaPk62M
Mirrors;Justin Timberlake;https://www.youtube.com/watch?v=uuZE_IRwLNI
Blank Space (Taylor's Version);Taylor Swift;https://www.youtube.com/watch?v=gir8BEqAutk
no tears left to cry;Ariana Grande;https://www.youtube.com/watch?v=ffxKSjUwKdU
Treat You Better;Shawn Mendes;https://www.youtube.com/watch?v=lY2yjAdbvdQ
goosebumps;Travis Scott;https://www.youtube.com/watch?v=Dst9gZkq1a8
Look What You Made Me Do;Taylor Swift;https://www.youtube.com/watch?v=3tmd-ClpJxA
Old Town Road - Remix;Lil Nas X;https://www.youtube.com/watch?v=7ysFgElQtjI
Adore You;Harry Styles;https://www.youtube.com/watch?v=VF-r5TtlT9w
New Rules;Dua Lipa;https://www.youtube.com/watch?v=k2qgadSvNyU
This Is What You Came For;Calvin Harris;https://www.youtube.com/watch?v=kOkQ4T5WO9E
Best Song Ever;One Direction;https://www.youtube.com/watch?v=o_v9MY_FMcw
Paradise;Coldplay;https://www.youtube.com/watch?v=1G4isv_Fylg
Cool for the Summer;Demi Lovato;https://www.youtube.com/watch?v=il9nqWw9W3Y
Break Free;Ariana Grande;https://www.youtube.com/watch?v=L8eRzOYhLuw
Love Me Harder;Ariana Grande;https://www.youtube.com/watch?v=g5qU7p7yOY8
Talking to the Moon;Bruno Mars;https://www.youtube.com/watch?v=fXw0jcYbqdo
Back To You;Selena Gomez;https://www.youtube.com/watch?v=Iy-MoHGw5wY
Diamonds;Rihanna;https://www.youtube.com/watch?v=lWA2pjMjpBs
Drag Me Down;One Direction;https://www.youtube.com/watch?v=Jwgf3wmiA04
Live While We're Young;One Direction;https://www.youtube.com/watch?v=AbPED9bisSc
Love On The Brain;Rihanna;https://www.youtube.com/watch?v=nyxKQYWaWOg
Thrift Shop (feat. Wanz);Macklemore & Ryan Lewis;https://www.youtube.com/watch?v=QK8mJJJvaes
Baby;Justin Bieber;https://www.youtube.com/watch?v=kffacxfA7G4
Bloody Mary;Lady Gaga;https://www.youtube.com/watch?v=VFwmKL5OL-Q
Needed Me;Rihanna;https://www.youtube.com/watch?v=wfN4PVaOU5Q
Let Me Down Slowly;Alec Benjamin;https://www.youtube.com/watch?v=50VNCymT-Cs
Sweater Weather;The Neighbourhood;https://www.youtube.com/watch?v=GCdwKhTtNNw
When We Were Young;Adele;https://www.youtube.com/watch?v=DDWKuo3gXMQ
Young And Beautiful;Lana Del Rey;https://www.youtube.com/watch?v=o_1aF54DO60
Lose You To Love Me;Selena Gomez;https://www.youtube.com/watch?v=zlJDTxahav0
High Hopes;Panic! At The Disco;https://www.youtube.com/watch?v=IPXIgEAGe4U
All The Stars (with SZA);Kendrick Lamar;https://www.youtube.com/watch?v=JQbjS0_ZfJ0
bloodline;Ariana Grande;https://www.youtube.com/watch?v=uKqRAC-JNOM
Attention;Charlie Puth;https://www.youtube.com/watch?v=nfs8NYg7yQM
God is a woman;Ariana Grande;https://www.youtube.com/watch?v=kHLHSlExFis
Ride;Twenty One Pilots;https://www.youtube.com/watch?v=Py_-3di1yx0
3 Nights;Dominic Fike;https://www.youtube.com/watch?v=OWKzRngush4
Doin' Time;Lana Del Rey;https://www.youtube.com/watch?v=qolmz4FlnZ0
Solo (feat. Demi Lovato);Clean Bandit;https://www.youtube.com/watch?v=8JnfIa84TnU
Mercy;Shawn Mendes;https://www.youtube.com/watch?v=Sl0mvjlFsxo
PILLOWTALK;ZAYN;https://www.youtube.com/watch?v=C_3d6GntKbk
That's What I Like;Bruno Mars;https://www.youtube.com/watch?v=PMivT7MJ41M
The Way;Ariana Grande;https://www.youtube.com/watch?v=fYGscmdJX2A
Circles;Post Malone;https://www.youtube.com/watch?v=wXhTHyIgQ_U
Sorry Not Sorry;Demi Lovato;https://www.youtube.com/watch?v=-MsvER1dpjM
I Like It;Cardi B;https://www.youtube.com/watch?v=xTlNMmZKwpA
Sucker;Jonas Brothers;https://www.youtube.com/watch?v=CnAmeh0-E-U
There's Nothing Holdin' Me Back;Shawn Mendes;https://www.youtube.com/watch?v=dT2owtxkU8k
HUMBLE.;Kendrick Lamar;https://www.youtube.com/watch?v=tvTRZJ-4EyI
Señorita;Shawn Mendes;https://www.youtube.com/watch?v=Pkh8UtuejGw
Side To Side;Ariana Grande;https://www.youtube.com/watch?v=SXiSVQZLje8
Wait a Minute!;WILLOW;https://www.youtube.com/watch?v=1H-slVEJcN4
Anaconda;Nicki Minaj;https://www.youtube.com/watch?v=LDZX4ooRsWs
Sugar;Maroon 5;https://www.youtube.com/watch?v=09R8_2nJtjg
Wake Me Up;Avicii;https://www.youtube.com/watch?v=IcrbM1l_BoI
7 rings;Ariana Grande;https://www.youtube.com/watch?v=QYh6mYIJG2Y
Sunflower - Spider-Man: Into the Spider-Verse;Post Malone;https://www.youtube.com/watch?v=ApXoWvfEYVU
lovely (with Khalid);Billie Eilish;https://www.youtube.com/watch?v=V1Pl8CzNzCw
Shallow;Lady Gaga;https://www.youtube.com/watch?v=bo_efYhYU2A
Someone You Loved;Lewis Capaldi;https://www.youtube.com/watch?v=zABLecsR5UE
SICKO MODE;Travis Scott;https://www.youtube.com/watch?v=6ONRf7h3Mdk
Lover;Taylor Swift;https://www.youtube.com/watch?v=-BjZmE2gtdo
when the party's over;Billie Eilish;https://www.youtube.com/watch?v=pbMwTqkKSps
Sweet but Psycho;Ava Max;https://www.youtube.com/watch?v=WXBHCQYxwr0
You Need To Calm Down;Taylor Swift;https://www.youtube.com/watch?v=Dkk9gvTmCXY
Wow.;Post Malone;https://www.youtube.com/watch?v=393C3pr2ioY
MIDDLE CHILD;J. Cole;https://www.youtube.com/watch?v=WILNIXZr2oc
Bruises;Lewis Capaldi;https://www.youtube.com/watch?v=QwtRXG1QpR4
a lot;21 Savage;https://www.youtube.com/watch?v=DmWWqogr_r8
Better Now;Post Malone;https://www.youtube.com/watch?v=UYwF-jdcVjY
ZEZE (feat. Travis Scott & Offset);Kodak Black;https://www.youtube.com/watch?v=mjaayCARwro
Hold Me While You Wait;Lewis Capaldi;https://www.youtube.com/watch?v=ZHRXmYdwc1o
Going Bad (feat. Drake);Meek Mill;https://www.youtube.com/watch?v=S1gp0m4B5p8
boyfriend (with Social House);Ariana Grande;https://www.youtube.com/watch?v=9SRxBTtspYM
Goodbyes (feat. Young Thug);Post Malone;https://www.youtube.com/watch?v=ba7mB8oueCY
Con Calma;Daddy Yankee;https://www.youtube.com/watch?v=DiItGE3eAyQ
Money In The Grave (Drake ft. Rick Ross);Drake;https://www.youtube.com/watch?v=R0ykLlhg0AQ
Nights Like This (feat. Ty Dolla $ign);Kehlani;https://www.youtube.com/watch?v=I99qCuWx1mI
Pop Out (feat. Lil Tjay);Polo G;https://www.youtube.com/watch?v=g-uW3I_AtDE
Location (feat. Burna Boy);Dave;https://www.youtube.com/watch?v=JpGKWUdRnXE
MIA;Bad Bunny;https://www.youtube.com/watch?v=OSUxrSe5GbI
Please Me;Cardi B;https://www.youtube.com/watch?v=3y-O-4IL-PU
Boy With Luv (feat. Halsey);BTS;https://www.youtube.com/watch?v=XsX3ATc3FbA
Look Back at It;A Boogie Wit da Hoodie;https://www.youtube.com/watch?v=RWDXD8tAkPo
Dance Monkey;Tones And I;https://www.youtube.com/watch?v=q0hyYWKXF0Q
Don't Call Me Up;Mabel;https://www.youtube.com/watch?v=9TQKyDD9Yig
Pure Water (with Migos);Mustard;https://www.youtube.com/watch?v=9hJ8lLNWrM4
bury a friend;Billie Eilish;https://www.youtube.com/watch?v=HUHC9tYz8ik
Old Town Road;Lil Nas X;https://www.youtube.com/watch?v=r7qovpFAGrQ
China;Anuel AA;https://www.youtube.com/watch?v=SwKZDgB9TOc
Here With Me;Marshmello;https://www.youtube.com/watch?v=Ip6cw8gfHHI
Callaita;Bad Bunny;https://www.youtube.com/watch?v=acEOASYioGY
Nothing Breaks Like a Heart (feat. Miley Cyrus);Mark Ronson;https://www.youtube.com/watch?v=A9hcJgtnm6Q
Beautiful People (feat. Khalid);Ed Sheeran;https://www.youtube.com/watch?v=mj0XInqZMHY
SOS (feat. Aloe Blacc);Avicii;https://www.youtube.com/watch?v=u8tdT5pAE34
Soltera (Remix);Lunay;https://www.youtube.com/watch?v=8zQTfGbyY5I
Dancing With A Stranger (with Normani);Sam Smith;https://www.youtube.com/watch?v=av5JD1dfj_c
Kill This Love;BLACKPINK;https://www.youtube.com/watch?v=2S24-y0Ij3Y
Adan y Eva;Paulo Londra;https://www.youtube.com/watch?v=aSjflT_J0Xo
Bohemian Rhapsody - Remastered 2011;Queen;https://www.youtube.com/watch?v=xG16sdjLtc0
Calma - Remix;Pedro Capó;https://www.youtube.com/watch?v=1_zgKRBrT0Y
Shotta Flow (feat. Blueface) - Remix;NLE Choppa;https://www.youtube.com/watch?v=2KDlDuS6r6I
Secreto;Anuel AA;https://www.youtube.com/watch?v=gFZfwWZV074
Grace;Lewis Capaldi;https://www.youtube.com/watch?v=VbmIw-bI19s
My Type;Saweetie;https://www.youtube.com/watch?v=x5c2iRHlAHA
Swervin (feat. 6ix9ine);A Boogie Wit da Hoodie;https://www.youtube.com/watch?v=v-rxFHRTrJc
One Thing Right;Marshmello;https://www.youtube.com/watch?v=29a6o5vRKVM
Good as Hell;Lizzo;https://www.youtube.com/watch?v=SmbmeOgWsqE
Better;Khalid;https://www.youtube.com/watch?v=x3bfa3DZ8JM
So Am I;Ava Max;https://www.youtube.com/watch?v=SxGLPVvNjvY
Money;Cardi B;https://www.youtube.com/watch?v=dNCWe_6HAM8
Piece Of Your Heart;MEDUZA;https://www.youtube.com/watch?v=KWjV25q34Hw
Only Human;Jonas Brothers;https://www.youtube.com/watch?v=L3wKzyIN1yk
I Don't Care (with Justin Bieber);Ed Sheeran & Justin Bieber;https://www.youtube.com/watch?v=y83x7MgzWOA
Slide Away;Miley Cyrus;https://www.youtube.com/watch?v=rrvFv6j3-sM
Talk (feat. Disclosure);Khalid;https://www.youtube.com/watch?v=Y1QZOprK7PQ
How Do You Sleep?;Sam Smith;https://www.youtube.com/watch?v=PmYypVozQb4
Panini;Lil Nas X;https://www.youtube.com/watch?v=bXcSLI58-h8
Giant (with Rag'n'Bone Man);Calvin Harris;https://www.youtube.com/watch?v=ir6nk2zrMG0
Suge;DaBaby;https://www.youtube.com/watch?v=KvuQNNVrbtM
Otro Trago;Sech;https://www.youtube.com/watch?v=t_qn-f7XfJo
Light On;Maggie Rogers;https://www.youtube.com/watch?v=nqnkBdExjws
Lost Without You;Freya Ridings;https://www.youtube.com/watch?v=tDPpex1wvOc
Motivation;Normani;https://www.youtube.com/watch?v=DbNjt_und3k
Easier;5 Seconds of Summer;https://www.youtube.com/watch?v=b1dFSWLJ9wY
Never Really Over;Katy Perry;https://www.youtube.com/watch?v=aEb5gNsmGJ8
Ladbroke Grove;AJ Tracey;https://www.youtube.com/watch?v=r_Q40kOt9X0
Riptide;Vance Joy;https://www.youtube.com/watch?v=zChg2-AB3o0
Can't Hold Us (feat. Ray Dalton);Macklemore & Ryan Lewis;https://www.youtube.com/watch?v=2zNSgSzhBfM
Havana (feat. Young Thug);Camila Cabello;https://www.youtube.com/watch?v=BQ0mxQXmLsk
Die For You;The Weeknd;https://www.youtube.com/watch?v=uPD0QOGTmMI
Love Yourself;Justin Bieber;https://www.youtube.com/watch?v=oyEuk8j8imI
Do I Wanna Know?;Arctic Monkeys;https://www.youtube.com/watch?v=bpOSxM0rNPM
Let Me Love You;DJ Snake;https://www.youtube.com/watch?v=euCqAq6BRa4
One Kiss (with Dua Lipa);Calvin Harris;https://www.youtube.com/watch?v=DkeiKbqa02g
No Role Modelz;J. Cole;https://www.youtube.com/watch?v=8HBcV0MtAQg
Happier;Marshmello;https://www.youtube.com/watch?v=ZQFmRXgeR-s
XO Tour Llif3;Lil Uzi Vert;https://www.youtube.com/watch?v=WrsFXgQk5UI
Demons;Imagine Dragons;https://www.youtube.com/watch?v=mWRsgZuwf_8
Stressed Out;Twenty One Pilots;https://www.youtube.com/watch?v=pXRviuL6vMY
Jocelyn Flores;XXXTENTACION;https://www.youtube.com/watch?v=FAucVNRx_mU
Thunder;Imagine Dragons;https://www.youtube.com/watch?v=fKopy74weus
SAD!;XXXTENTACION;https://www.youtube.com/watch?v=pgN-vvVVxMA
Believer;Imagine Dragons;https://www.youtube.com/watch?v=7wtfhZwyrcc
Something Just Like This;The Chainsmokers;https://www.youtube.com/watch?v=FM7MFYoylVs
Bohemian Rhapsody - Remastered 2011;Queen;https://www.youtube.com/watch?v=fJ9rUzIMcZQ
Say You Won't Let Go;James Arthur;https://www.youtube.com/watch?v=0yW7w8F2TVA
Photograph;Ed Sheeran;https://www.youtube.com/watch?v=nSDgHBxUbVQ
Paranoid - 2012 - Remaster;Black Sabbath;https://www.youtube.com/watch?v=WfmXJuurKH8
Don’t Blame Me;Taylor Swift;https://www.youtube.com/watch?v=kRJKB291Z1g
Space Song;Beach House;https://www.youtube.com/watch?v=RBtlPT23PTM
Apocalypse;Cigarettes After Sex;https://www.youtube.com/watch?v=sElE_BfQ67s
Heartless;Kanye West;https://www.youtube.com/watch?v=1DpH-icPpl0
I Love You So;The Walters;https://www.youtube.com/watch?v=NwFVSclD_uc
In the End;Linkin Park;https://www.youtube.com/watch?v=eVTXPUF4Oz4
Why'd You Only Call Me When You're High?;Arctic Monkeys;https://www.youtube.com/watch?v=ddwxyI3hgz8
Dark Red;Steve Lacy;https://www.youtube.com/watch?v=xRzbLQ_WKPs
Take on Me;a-ha;https://www.youtube.com/watch?v=djV11Xbc914
Iris;The Goo Goo Dolls;https://www.youtube.com/watch?v=NdYWuo9OFAw
Dandelions;Ruth B.;https://www.youtube.com/watch?v=W8a4sUabCUo
Yeah! (feat. Lil Jon & Ludacris);USHER;https://www.youtube.com/watch?v=GxBSyx85Kp8
Night Changes;One Direction;https://www.youtube.com/watch?v=syFZfO_wfMQ
Sweet Child O' Mine;Guns N' Roses;https://www.youtube.com/watch?v=1w7OgIMMRc4
Fortunate Son;Creedence Clearwater Revival;https://www.youtube.com/watch?v=ZWijx_AgPiA
A Sky Full of Stars;Coldplay;https://www.youtube.com/watch?v=VPRjCeoBqrI
Dreams - 2004 Remaster;Fleetwood Mac;https://www.youtube.com/watch?v=5oWyMakvQew
The Nights;Avicii;https://www.youtube.com/watch?v=UtF6Jej8yb4
The Less I Know The Better;Tame Impala;https://www.youtube.com/watch?v=2SUwOgmvzK4
Seven Nation Army;The White Stripes;https://www.youtube.com/watch?v=0J2QdDbelmY
Maps;Maroon 5;https://www.youtube.com/watch?v=Y7ix6RITXM0
Daddy Issues;The Neighbourhood;https://www.youtube.com/watch?v=_lMlsPQJs6U
Ain't No Mountain High Enough;Marvin Gaye;https://www.youtube.com/watch?v=ABfQuZqq8wg
Revenge;XXXTENTACION;https://www.youtube.com/watch?v=KAymeaEyPr8
The Box;Roddy Ricch;https://www.youtube.com/watch?v=UNZqm3dxd2w
Just Give Me a Reason (feat. Nate Ruess);P!nk;https://www.youtube.com/watch?v=OpQFFLBMEPI
Unstoppable;Sia;https://www.youtube.com/watch?v=YaEG2aWJnZ8
Something in the Orange;Zach Bryan;https://www.youtube.com/watch?v=lA8F9sIhGdg
Skyfall;Adele;https://www.youtube.com/watch?v=DeumyOzKqgI
"""One Of The Girls (with JENNIE Lily Rose Depp)""";The Weeknd;https://www.youtube.com/watch?v=Mx92lTYxrJQ
"""Quevedo: Bzrp Music Sessions Vol. 52""";Bizarrap;https://www.youtube.com/watch?v=A_g3lMcWVy0
"""Shakira: Bzrp Music Sessions Vol. 53""";Bizarrap;https://www.youtube.com/watch?v=CocEMWdc7Ck
"""Peso Pluma: Bzrp Music Sessions Vol. 55""";Bizarrap;https://www.youtube.com/watch?v=v5_SYkFpFiY
"""Calling (Spider-Man: Across the Spider-Verse) """;Metro Boomin;https://www.youtube.com/watch?v=D5d5xinZI3E
DOGTOOTH;"""Tyler The Creator""";https://www.youtube.com/watch?v=2TVXi_9Bvlg
"""thank u next""";Ariana Grande;https://www.youtube.com/watch?v=gl1aHhXnN1k
EARFQUAKE ;"""Tyler The Creator""";https://www.youtube.com/watch?v=HmAsUQEFYGI
"""break up with your girlfriend i'm bored""";Ariana Grande;https://www.youtube.com/watch?v=LH4Y1ZUUx2g
"""Taki Taki (feat. Selena Gomez Ozuna & Cardi B)""";DJ Snake;https://www.youtube.com/watch?v=ixkoVwKQaJg
See You Again (feat. Kali Uchis);"""Tyler The Creator""";https://www.youtube.com/watch?v=TGgcC5xg9YI
Lil Boo Thang;Paul Russell;https://www.youtube.com/watch?v=5AgDZcM8In8
Before You Go;Lewis Capaldi;https://www.youtube.com/watch?v=Jtauh8GcxBY
Stay With Me;Sam Smith;https://www.youtube.com/watch?v=pB-5XG-DbAA
Memories;Maroon 5;https://www.youtube.com/watch?v=SlPhMPnQ58k
Fix You;Coldplay;https://www.youtube.com/watch?v=k4V3Mo61fJM
Hey Soul Sister;Train;https://www.youtube.com/watch?v=kVpv8-5XWOI
Story of My Life;One Direction;https://www.youtube.com/watch?v=W-TE_Ys4iwM
This Love;Maroon 5;https://www.youtube.com/watch?v=XPpTgCho5ZA
Chasing Cars;Snow Patrol;https://www.youtube.com/watch?v=GemKqzILV4w
This Town;Niall Horan;https://www.youtube.com/watch?v=ic1l36GrNOU
Dancing On My Own;Calum Scott;https://www.youtube.com/watch?v=q31tGyBJhRY
She Will Be Loved - Radio Mix;Maroon 5;https://www.youtube.com/watch?v=kW2ogFFNCmE
I Like Me Better;Lauv;https://www.youtube.com/watch?v=a7fzkqLozwA
Wrecking Ball;Miley Cyrus;https://www.youtube.com/watch?v=My2FRPA3Gf8
Complicated;Avril Lavigne;https://www.youtube.com/watch?v=5NPBIwQyPWE
The Reason;Hoobastank;https://www.youtube.com/watch?v=fV4DiAyExN0
Best Day Of My Life;American Authors;https://www.youtube.com/watch?v=Y66j_BUCBMY
Drops of Jupiter (Tell Me);Train;https://www.youtube.com/watch?v=7Xf-Lesrkuc
Try;P!nk;https://www.youtube.com/watch?v=yTCDVfMz15M
The Middle;Zedd;https://www.youtube.com/watch?v=xQzS3JnZQZM
Unconditionally;Katy Perry;https://www.youtube.com/watch?v=XjwZAa2EjKA
Scars To Your Beautiful;Alessia Cara;https://www.youtube.com/watch?v=MWASeaYuHZo
GHOST TOWN;Benson Boone;https://www.youtube.com/watch?v=prYbXj3zPfs
A Thousand Miles;Vanessa Carlton;https://www.youtube.com/watch?v=Cwkej79U3ek
Like I'm Gonna Lose You (feat. John Legend);Meghan Trainor;https://www.youtube.com/watch?v=2-MBfn8XjIU
Someone To You;BANNERS;https://www.youtube.com/watch?v=XeLaiL9tk68
Bleeding Love;Leona Lewis;https://www.youtube.com/watch?v=Vzo-EL_62fQ
Arcade;Duncan Laurence;https://www.youtube.com/watch?v=Qau6mObfSGM
What About Us;P!nk;https://www.youtube.com/watch?v=ClU3fctbGls
If the World Was Ending (feat. Julia Michaels);JP Saxe;https://www.youtube.com/watch?v=1jO2wSpAoxA
Girls Just Want to Have Fun;Cyndi Lauper;https://www.youtube.com/watch?v=PIb6AZdTr-A
If I Could Turn Back Time;Cher;https://www.youtube.com/watch?v=9n3A_-HRFfc
I Wanna Dance with Somebody (Who Loves Me);Whitney Houston;https://www.youtube.com/watch?v=eH3giaIzONA
Total Eclipse of the Heart;Bonnie Tyler;https://www.youtube.com/watch?v=lcOxhH8N3Bo
Running Up That Hill (A Deal With God);Kate Bush;https://www.youtube.com/watch?v=wp43OdtAAkM
Smooth Operator - Single Version;Sade;https://www.youtube.com/watch?v=nNK54e3fM-U
"Heaven Is A Place On Earth - Promo 7"" Edit";Belinda Carlisle;https://www.youtube.com/watch?v=HoQWnN5xsvA
I Love Rock 'N Roll;Joan Jett & the Blackhearts;https://www.youtube.com/watch?v=wMsazR6Tnf8
Back In Black;AC/DC;https://www.youtube.com/watch?v=pAgnJDJN4VA
Sweet Dreams (Are Made of This) - Remastered;Eurythmics;https://www.youtube.com/watch?v=eRhg7qPLeN8
Welcome To The Jungle;Guns N' Roses;https://www.youtube.com/watch?v=o1tj2zJ2Wvg
Everywhere - 2017 Remaster;Fleetwood Mac;https://www.youtube.com/watch?v=gsq3RCIOGEk
There Is a Light That Never Goes Out - 2011 Remaster;The Smiths;https://www.youtube.com/watch?v=3r-qDvD3F3c
You Make My Dreams (Come True);Daryl Hall & John Oates;https://www.youtube.com/watch?v=EErSKhC0CZs
Paradise City;Guns N' Roses;https://www.youtube.com/watch?v=Rbm6GXllBiw
Cheri Cheri Lady;Modern Talking;https://www.youtube.com/watch?v=eNvUS-6PTbs
Maneater;Daryl Hall & John Oates;https://www.youtube.com/watch?v=PLolag3YSYU
With Or Without You;U2;https://www.youtube.com/watch?v=ujNeHIo7oTE
Start Me Up - Remastered 2009;The Rolling Stones;https://www.youtube.com/watch?v=dW5fvqkWNTM
Wake Me Up Before You Go-Go;Wham!;https://www.youtube.com/watch?v=pIgZ7gMze7A
Nothing's Gonna Stop Us Now;Starship;https://www.youtube.com/watch?v=3wxyN3z9PL4
Dancing In the Dark;Bruce Springsteen;https://www.youtube.com/watch?v=129kuDCQtHs
Should I Stay or Should I Go - Remastered;The Clash;https://www.youtube.com/watch?v=e7tWqyM3r-g
Bette Davis Eyes;Kim Carnes;https://www.youtube.com/watch?v=EPOIS5taqA8
Baby Can I Hold You;Tracy Chapman;https://www.youtube.com/watch?v=DqoLMGSBGYc
Kickstart My Heart;Mötley Crüe;https://www.youtube.com/watch?v=mVurA44hwiw
Don't You Want Me;The Human League;https://www.youtube.com/watch?v=uPudE8nDog0
Jump - 2015 Remaster;Van Halen;https://www.youtube.com/watch?v=q-4TkRMEK7Y
Rock with You - Single Version;Michael Jackson;https://www.youtube.com/watch?v=8GTb-_ZQpLQ
Every Little Thing She Does Is Magic;The Police;https://www.youtube.com/watch?v=aENX1Sf3fgQ
Flashdance...What a Feeling - Radio Edit;Irene Cara;https://www.youtube.com/watch?v=0TMoc959LCA
9 to 5;Dolly Parton;https://www.youtube.com/watch?v=UbxUSsFXYo4
You Can't Hurry Love - 2016 Remaster;Phil Collins;https://www.youtube.com/watch?v=oXSn_N2jmBs
Lay All Your Love On Me;ABBA;https://www.youtube.com/watch?v=ulZQTrV8QlQ
Don't You (Forget About Me);Simple Minds;https://www.youtube.com/watch?v=CdqoNKCCt7A
I'm On Fire;Bruce Springsteen;https://www.youtube.com/watch?v=lrpXArn3hII
In The Air Tonight - 2015 Remastered;Phil Collins;https://www.youtube.com/watch?v=rvUjjtZ_opk
Right Here Waiting;Richard Marx;https://www.youtube.com/watch?v=S_E2EHVxNAE
We Built This City;Starship;https://www.youtube.com/watch?v=K1b8AhIsSYQ
Another Day in Paradise - 2016 Remaster;Phil Collins;https://www.youtube.com/watch?v=5QCCkueE0cs
We Didn't Start the Fire;Billy Joel;https://www.youtube.com/watch?v=eFTLKWw542g
Don't Dream It's Over;Crowded House;https://www.youtube.com/watch?v=J9gKyRmic20
I Won't Back Down;Tom Petty;https://www.youtube.com/watch?v=nvlTJrNJ5lA
99 Luftballons;Nena;https://www.youtube.com/watch?v=Fpu5a0Bl8eY
The Lady In Red;Chris de Burgh;https://www.youtube.com/watch?v=T9Jcs45GhxU
Against All Odds (Take a Look at Me Now) - 2016 Remaster;Phil Collins;https://www.youtube.com/watch?v=FLy7dxC3nTo
Self Control;Laura Branigan;https://www.youtube.com/watch?v=RP0_8J7uxhs
Little Lies - 2017 Remaster;Fleetwood Mac;https://www.youtube.com/watch?v=S8IZxqgFhdA
The Winner Takes It All;ABBA;https://www.youtube.com/watch?v=92cwKCU8Z5c
We're Not Gonna Take It;Twisted Sister;https://www.youtube.com/watch?v=4xmckWVPRaI
Smooth Criminal - 2012 Remaster;Michael Jackson;https://www.youtube.com/watch?v=WxEUCd3Ko5g
You Can Call Me Al;Paul Simon;https://www.youtube.com/watch?v=uq-gYOrU8bA
Panama - 2015 Remaster;Van Halen;https://www.youtube.com/watch?v=yMoDJ4HWWaE
You're the Inspiration - 2006 Remaster;Chicago;https://www.youtube.com/watch?v=JDwYSmBV-gw
Your Love;The Outfield;https://www.youtube.com/watch?v=4N1iwQxiHrs
Another One Bites The Dust - Remastered 2011;Queen;https://www.youtube.com/watch?v=1tLYYSofs3U
Holding Out for a Hero - From Footloose Soundtrack;Bonnie Tyler;https://www.youtube.com/watch?v=v84KMXHIf9M
Gypsy;Fleetwood Mac;https://www.youtube.com/watch?v=mwgg1Pu6cNg
Whatever She Wants;Bryson Tiller;https://www.youtube.com/watch?v=-I8DrXXGd9E
Bandit;Don Toliver;https://www.youtube.com/watch?v=FauDn2LkeQ4
FUK SUMN;¥$;https://www.youtube.com/watch?v=tGcX2mhY9q0
Let's Go;Key Glock;https://www.youtube.com/watch?v=zG5gWncAhls
Never Lose Me;Flo Milli;https://www.youtube.com/watch?v=z67xXk8aNIk
First Person Shooter (feat. J. Cole);Drake;https://www.youtube.com/watch?v=Xty2gi5cMa8
Surround Sound (feat. 21 Savage & Baby Tate);JID;https://www.youtube.com/watch?v=Y19q-7VN2WI
ONE CALL;Rich Amiri;https://www.youtube.com/watch?v=Q7N99EzNQrw
née-nah;21 Savage;https://www.youtube.com/watch?v=hSitXYlIqKI
Like What (Freestyle);Cardi B;https://www.youtube.com/watch?v=GcNC7YnlhKc
Giving Chanel;Meek Mill;https://www.youtube.com/watch?v=59j0vBiPuS4
GET OFF ME (with Travis Scott);Kid Cudi;https://www.youtube.com/watch?v=uUNCTshP0LU